{
  "project_info": {
    "project_number": "541267190245",
    "project_id": "aplicacionprueba-be3fc",
    "storage_bucket": "aplicacionprueba-be3fc.firebasestorage.app"
  },
  "client": [
    {
      "client_info": {
        "mobilesdk_app_id": "1:541267190245:android:bf0799ef948a3af0568f0c",
        "android_client_info": {
          "package_name": "com.example.aplicacin_prueba"
        }
      },
      "oauth_client": [],
      "api_key": [
        {
          "current_key": "AIzaSyB-_-U0WSyJw04yFjRUwSmU26nZrDah5-I"
        }
      ],
      "services": {
        "appinvite_service": {
          "other_platform_oauth_client": []
        }
      }
    }
  ],
  "configuration_version": "1"
}